Date,Open,High,Low,Close,Volume,OpenInterest
2020-01-02,71.41,72.46,71.16,72.4,135480400,0
2020-01-03,71.63,72.46,71.47,71.7,146322800,0
2020-01-06,70.82,72.31,70.57,72.27,118387200,0
2020-01-07,72.28,72.53,71.71,71.93,108872000,0
2020-01-08,71.63,73.39,71.63,73.09,132079200,0
2020-01-09,74.06,74.83,73.81,74.64,170108400,0
2020-01-10,74.87,75.37,74.3,74.81,140644800,0
2020-01-13,75.12,76.43,75.0,76.4,121532000,0
2020-01-14,76.34,76.55,75.25,75.37,161954400,0
2020-01-15,75.17,76.05,74.62,75.05,121923600,0
2020-01-16,75.59,76.1,75.23,75.99,108829200,0
2020-01-17,76.24,76.83,75.93,76.83,137816400,0
2020-01-21,76.46,76.9,76.17,76.31,110843200,0
2020-01-22,76.79,77.13,76.49,76.58,101832400,0
2020-01-23,76.64,77.03,76.09,76.95,104472000,0
2020-01-24,77.2,77.94,76.54,76.73,146537600,0
2020-01-27,74.74,75.15,73.49,74.47,161940000,0
2020-01-28,75.35,76.75,75.25,76.58,162234000,0
2020-01-29,78.21,79.03,77.47,78.18,216229200,0
2020-01-30,77.27,78.12,76.84,78.07,126743200,0
2020-01-31,77.36,77.78,74.31,74.61,199588400,0
2020-02-03,73.35,75.57,72.85,74.4,173788400,0
2020-02-04,76.01,77.05,75.6,76.86,136616400,0
2020-02-05,77.99,78.28,76.88,77.49,118826800,0
2020-02-06,77.76,78.4,77.2,78.39,105425600,0
2020-02-07,77.89,78.14,76.84,77.33,117684000,0
2020-02-10,75.91,77.69,75.83,77.69,109348800,0
2020-02-11,78.19,78.26,77.01,77.23,94323200,0
2020-02-12,77.68,79.06,77.68,79.06,113730400,0
2020-02-13,78.33,78.82,78.13,78.5,94747600,0
2020-02-14,78.47,78.77,78.01,78.52,80113600,0
2020-02-18,76.2,77.26,76.02,77.08,152531200,0
2020-02-19,77.32,78.42,77.32,78.19,93984000,0
2020-02-20,77.96,78.44,76.89,77.39,100566000,0
2020-02-21,76.99,77.43,75.02,75.64,129554000,0
2020-02-24,71.83,73.5,69.89,72.05,222195200,0
2020-02-25,72.72,73.1,69.14,69.61,230673600,0
2020-02-26,69.23,71.98,69.23,70.71,198054800,0
2020-02-27,67.92,69.11,65.95,66.09,320605600,0
2020-02-28,62.16,67.27,61.95,66.05,426510000,0
2020-03-02,68.21,72.84,67.1,72.2,341397200,0
2020-03-03,73.37,73.45,69.06,69.91,319475600,0
2020-03-04,71.63,73.31,70.83,73.15,219178400,0
2020-03-05,71.41,72.38,70.41,70.78,187572800,0
2020-03-06,68.14,70.27,67.95,69.84,226176800,0
2020-03-09,63.73,67.19,63.55,64.31,286744800,0
2020-03-10,66.96,69.21,65.09,68.95,285290000,0
2020-03-11,67.02,67.95,65.69,66.55,255598800,0
2020-03-12,61.84,65.24,59.92,59.98,418474000,0
2020-03-13,64.0,67.64,61.12,67.16,370732000,0
2020-03-16,58.46,62.6,57.99,58.52,322423600,0
2020-03-17,59.8,62.25,57.6,61.1,324056000,0
2020-03-18,57.93,60.41,57.29,59.6,300233600,0
2020-03-19,59.78,61.09,58.62,59.15,271857200,0
2020-03-20,59.73,60.85,55.09,55.39,401693200,0
2020-03-23,55.11,55.21,51.37,54.21,336752800,0
2020-03-24,57.11,59.85,56.61,59.65,287531200,0
2020-03-25,60.59,62.4,59.03,59.32,303602000,0
2020-03-26,59.57,62.5,59.53,62.45,252087200,0
2020-03-27,61.07,61.82,59.69,59.86,204216800,0
2020-03-30,60.59,61.74,60.26,61.57,167976400,0
2020-03-31,61.76,63.42,60.89,61.44,197002000,0
2020-04-01,59.56,60.1,57.78,58.21,176218400,0
2020-04-02,58.07,59.23,57.24,59.18,165934000,0
2020-04-03,58.67,59.37,57.74,58.33,129880000,0
2020-04-06,60.62,63.57,60.26,63.42,201820400,0
2020-04-07,65.43,65.65,62.58,62.69,202887200,0
2020-04-08,63.48,64.6,63.12,64.29,168895200,0
2020-04-09,64.92,65.26,63.96,64.75,161834800,0
2020-04-13,64.83,66.13,64.23,66.02,131022800,0
2020-04-14,67.66,69.65,67.18,69.36,194994800,0
2020-04-15,68.24,69.18,67.81,68.73,131154400,0
2020-04-16,69.44,69.64,68.22,69.27,157125200,0
2020-04-17,68.79,69.33,66.9,68.33,215250000,0
2020-04-20,67.16,68.06,66.89,66.91,130015200,0
2020-04-21,66.76,66.99,64.13,64.85,180991600,0
2020-04-22,66.11,67.15,65.77,66.71,116862400,0
2020-04-23,66.66,68.08,66.42,66.45,124814400,0
2020-04-24,66.98,68.38,66.93,68.37,126161200,0
2020-04-27,68.09,68.75,67.64,68.42,117087600,0
2020-04-28,68.88,69.06,67.22,67.31,112004800,0
2020-04-29,68.8,69.99,68.6,69.52,137280800,0
2020-04-30,70.06,71.17,69.67,70.99,183064000,0
2020-05-01,69.17,72.25,69.07,69.85,240616800,0
2020-05-04,69.87,70.96,69.18,70.84,133568000,0
2020-05-05,71.29,72.73,71.15,71.9,147751200,0
2020-05-06,72.6,73.27,72.21,72.64,142333600,0
2020-05-07,73.27,73.74,72.96,73.39,115215200,0
2020-05-08,74.05,75.19,73.72,75.14,133838400,0
2020-05-11,74.65,76.81,74.44,76.32,145946400,0
2020-05-12,77.0,77.45,75.33,75.45,162301200,0
2020-05-13,75.63,76.55,73.46,74.54,200622400,0
2020-05-14,73.78,75.06,73.05,75.0,158929200,0
2020-05-15,72.77,74.6,72.73,74.55,166348400,0
2020-05-18,75.87,76.68,75.18,76.31,135178400,0
2020-05-19,76.33,77.17,75.84,75.87,101729600,0
2020-05-20,76.73,77.41,76.69,77.34,111504800,0
2020-05-21,77.2,77.75,76.53,76.77,102688800,0
2020-05-22,76.5,77.34,76.4,77.26,81803200,0
2020-05-26,78.38,78.56,76.68,76.74,125522000,0
2020-05-27,76.59,77.22,75.86,77.07,112945200,0
2020-05-28,76.75,78.36,76.47,77.11,133560800,0
2020-05-29,77.35,77.81,76.67,77.03,153532400,0
2020-06-01,76.98,78.1,76.85,77.98,80791200,0
2020-06-02,77.71,78.36,77.27,78.34,87642800,0
2020-06-03,78.66,79.03,78.09,78.77,104491200,0
2020-06-04,78.59,78.89,77.72,78.09,87560400,0
2020-06-05,78.34,80.38,78.31,80.32,137250400,0
2020-06-08,80.01,80.82,79.3,80.79,95654400,0
2020-06-09,80.47,83.73,80.44,83.34,147712400,0
2020-06-10,84.29,85.95,83.85,85.49,166651600,0
2020-06-11,84.63,85.05,81.28,81.38,201662400,0
2020-06-12,83.52,84.27,80.97,82.08,200146000,0
2020-06-15,80.74,83.75,80.58,83.1,138808800,0
2020-06-16,85.15,85.57,83.52,85.3,165428800,0
2020-06-17,86.05,86.11,85.06,85.18,114406400,0
2020-06-18,85.14,85.63,84.61,85.22,96820400,0
2020-06-19,85.92,86.39,83.62,84.73,264476000,0
2020-06-22,85.12,87.09,85.08,86.95,135445200,0
2020-06-23,88.19,90.22,87.77,88.8,212155600,0
2020-06-24,88.43,89.35,86.86,87.24,192623200,0
2020-06-25,87.39,88.43,86.63,88.39,137522400,0
2020-06-26,88.29,88.51,85.53,85.68,205256800,0
2020-06-29,85.59,87.75,85.11,87.65,130646000,0
2020-06-30,87.24,88.67,87.22,88.38,140223200,0
2020-07-01,88.46,89.0,88.17,88.22,110737200,0
2020-07-02,89.12,89.76,88.1,88.22,114041600,0
2020-07-06,89.64,91.04,89.61,90.58,118655600,0
2020-07-07,90.95,91.73,90.18,90.3,112424400,0
2020-07-08,91.27,92.43,91.18,92.4,117092000,0
2020-07-09,93.29,93.34,91.75,92.8,125642800,0
2020-07-10,92.39,93.02,91.78,92.96,90257200,0
2020-07-13,94.26,96.87,92.32,92.53,191649200,0
2020-07-14,91.91,94.25,90.98,94.06,170989200,0
2020-07-15,95.93,96.18,93.51,94.71,153198000,0
2020-07-16,93.58,94.4,92.94,93.54,110577600,0
2020-07-17,93.99,94.15,92.88,93.35,92186800,0
2020-07-20,93.44,95.46,93.1,95.32,90318000,0
2020-07-21,96.11,96.19,93.76,94.0,103433200,0
2020-07-22,93.71,94.95,93.62,94.27,89001600,0
2020-07-23,94.0,94.08,89.17,89.98,197004400,0
2020-07-24,88.18,90.1,86.39,89.76,185438800,0
2020-07-27,90.82,91.97,90.59,91.88,121214000,0
2020-07-28,91.45,91.63,90.37,90.37,103625600,0
2020-07-29,90.85,92.29,90.82,92.11,90329200,0
2020-07-30,91.28,93.32,90.87,93.22,158130000,0
2020-07-31,99.71,103.13,97.71,102.98,374336800,0
2020-08-03,104.86,108.19,104.56,105.57,308151200,0
2020-08-04,105.76,107.37,105.04,106.28,173071600,0
2020-08-05,106.0,106.98,105.53,106.66,121776800,0
2020-08-06,107.0,110.88,106.41,110.39,202428800,0
2020-08-07,109.91,110.36,107.08,107.88,198045600,0
2020-08-10,109.32,110.46,106.8,109.44,212403600,0
2020-08-11,108.71,109.21,105.93,106.19,187902400,0
2020-08-12,107.28,109.97,107.08,109.72,165598000,0
2020-08-13,111.1,112.66,110.61,111.66,210082000,0
2020-08-14,111.48,111.65,109.75,111.56,165565200,0
2020-08-17,112.68,112.71,110.64,111.27,119561600,0
2020-08-18,111.02,112.62,110.69,112.2,105633600,0
2020-08-19,112.6,113.75,112.24,112.34,145538000,0
2020-08-20,112.38,114.94,112.36,114.83,126907200,0
2020-08-21,115.79,121.23,115.78,120.75,338054800,0
2020-08-24,124.95,125.03,120.33,122.19,345937600,0
2020-08-25,121.06,121.53,119.47,121.19,211495600,0
2020-08-26,122.5,123.29,121.44,122.84,163022400,0
2020-08-27,123.44,123.77,120.22,121.37,155552400,0
2020-08-28,122.34,122.76,120.95,121.17,187630000,0
2020-08-31,123.86,127.18,122.33,125.28,225702700,0
2020-09-01,128.89,130.87,126.73,130.27,151948100,0
2020-09-02,133.58,133.96,123.3,127.57,200119000,0
2020-09-03,123.21,125.09,116.99,117.36,257599600,0
2020-09-04,116.57,120.1,107.66,117.44,332607200,0
2020-09-08,110.63,115.52,109.4,109.53,231366600,0
2020-09-09,113.84,115.67,111.9,113.9,176940500,0
2020-09-10,116.85,116.99,109.22,110.18,182274400,0
2020-09-11,111.23,111.87,106.8,108.74,180860300,0
2020-09-14,111.38,112.55,109.51,112.0,140150100,0
2020-09-15,114.88,115.37,110.3,112.17,184642000,0
2020-09-16,111.87,112.62,108.78,108.86,154679000,0
2020-09-17,106.52,108.93,105.54,107.13,178011000,0
2020-09-18,107.18,107.65,103.0,103.73,287104900,0
2020-09-21,101.49,106.98,100.1,106.87,195713800,0
2020-09-22,109.4,109.57,105.98,108.55,183055400,0
2020-09-23,108.37,108.84,103.66,104.0,150718700,0
2020-09-24,102.11,107.04,101.94,105.07,167743300,0
2020-09-25,105.27,109.16,104.53,109.01,149981400,0
2020-09-28,111.66,111.96,109.49,111.61,137672400,0
2020-09-29,111.21,111.95,110.26,110.77,99382200,0
2020-09-30,110.48,113.84,110.31,112.44,142675200,0
2020-10-01,114.21,114.29,112.46,113.39,116120400,0
2020-10-02,109.6,112.01,108.95,109.73,144712000,0
2020-10-05,110.59,113.25,110.24,113.11,106243800,0
2020-10-06,112.33,112.74,108.98,109.86,161498200,0
2020-10-07,111.28,112.18,110.81,111.73,96849000,0
2020-10-08,112.86,113.01,111.25,111.62,83477200,0
2020-10-09,111.92,113.59,111.57,113.56,100506900,0
2020-10-12,116.56,121.53,115.81,120.78,240226800,0
2020-10-13,121.62,121.74,116.16,117.57,262330500,0
2020-10-14,117.47,119.45,116.14,117.66,150712000,0
2020-10-15,115.26,117.67,114.71,117.19,112559200,0
2020-10-16,117.75,118.01,115.35,115.55,115393800,0
2020-10-19,116.47,116.91,112.29,112.6,120639300,0
2020-10-20,112.81,115.51,112.26,114.09,124423700,0
2020-10-21,113.27,115.25,113.06,113.47,89946000,0
2020-10-22,114.03,114.6,111.25,112.38,101988000,0
2020-10-23,113.0,113.15,110.95,111.69,82572600,0
2020-10-26,110.69,113.15,109.59,111.7,111850700,0
2020-10-27,112.13,113.86,111.2,113.2,92276800,0
2020-10-28,111.7,112.07,107.86,107.96,143937800,0
2020-10-29,109.1,113.52,108.93,111.96,146129200,0
2020-10-30,107.82,108.73,104.58,105.69,190272600,0
2020-11-02,105.93,107.46,104.19,105.6,122866900,0
2020-11-03,106.47,108.24,105.56,107.22,107624400,0
2020-11-04,110.81,112.22,109.08,111.6,138235500,0
2020-11-05,114.51,116.14,113.47,115.56,126387100,0
2020-11-06,115.07,115.93,112.94,115.43,114457900,0
2020-11-09,117.19,118.64,112.86,113.13,154515300,0
2020-11-10,112.38,114.36,111.0,112.79,138023400,0
2020-11-11,113.97,116.35,113.24,116.21,112295000,0
2020-11-12,116.34,117.22,115.31,115.94,103162300,0
2020-11-13,116.16,116.38,114.63,115.99,81581900,0
2020-11-16,115.65,117.67,114.91,117.0,91183000,0
2020-11-17,116.27,117.36,115.69,116.11,74271000,0
2020-11-18,115.35,116.53,114.76,114.79,76322100,0
2020-11-19,114.36,115.79,113.6,115.38,74113000,0
2020-11-20,115.38,115.51,114.07,114.12,73604300,0
2020-11-23,113.96,114.39,110.63,110.72,127959300,0
2020-11-24,110.78,112.67,109.5,112.01,113874200,0
2020-11-25,112.38,113.54,112.01,112.84,76499200,0
2020-11-27,113.37,114.26,113.03,113.39,46691300,0
2020-11-30,113.76,117.65,113.6,115.78,169410200,0
2020-12-01,117.69,120.08,116.71,119.35,127728200,0
2020-12-02,118.67,119.98,117.57,119.7,89004200,0
2020-12-03,120.13,120.38,118.85,119.56,78967600,0
2020-12-04,119.23,119.49,118.18,118.89,78260400,0
2020-12-07,118.95,121.15,118.89,120.35,86712000,0
2020-12-08,120.96,121.55,119.71,120.96,82225500,0
2020-12-09,121.11,122.49,117.68,118.44,115089200,0
2020-12-10,117.19,120.47,116.85,119.86,81312200,0
2020-12-11,119.07,119.39,117.24,119.05,86939800,0
2020-12-14,119.23,119.96,118.2,118.44,79184500,0
2020-12-15,120.93,124.39,120.72,124.37,157243700,0
2020-12-16,123.91,124.85,123.08,124.3,98208600,0
2020-12-17,125.36,126.02,124.52,125.17,94359800,0
2020-12-18,125.42,125.56,122.66,123.18,192541500,0
2020-12-21,121.59,124.79,120.06,124.71,121251600,0
2020-12-22,128.0,130.72,126.09,128.26,168904800,0
2020-12-23,128.53,128.79,127.19,127.36,88223700,0
2020-12-24,127.71,129.8,127.5,128.35,54930100,0
2020-12-28,130.31,133.57,129.84,132.94,124486200,0
2020-12-29,134.26,134.98,130.65,131.17,121047300,0
2020-12-30,131.86,132.26,129.74,130.05,96452100,0
2020-12-31,130.4,131.04,128.1,129.05,99116600,0
2021-01-04,129.85,129.94,123.28,125.86,143301900,0
2021-01-05,125.35,128.12,124.9,127.41,97664900,0
2021-01-06,124.21,127.45,122.91,123.12,155088000,0
2021-01-07,124.84,128.02,124.35,127.33,109578200,0
2021-01-08,128.79,128.99,126.65,128.42,105158200,0
2021-01-11,125.64,126.6,124.97,125.44,100384500,0
2021-01-12,124.97,126.13,123.38,125.26,91951100,0
2021-01-13,125.22,127.84,124.96,127.3,88636800,0
2021-01-14,127.21,127.4,125.22,125.37,90221800,0
2021-01-15,125.24,126.64,123.51,123.65,111598500,0
2021-01-19,124.27,125.18,123.45,124.32,90757300,0
2021-01-20,125.13,128.85,125.02,128.4,104319500,0
2021-01-21,130.13,135.83,129.92,133.11,120150900,0
2021-01-22,132.54,136.01,131.31,135.25,114459400,0
2021-01-25,139.14,141.11,132.79,139.0,157611700,0
2021-01-26,139.66,140.34,137.49,139.23,98390600,0
2021-01-27,139.49,140.34,136.55,138.16,140843800,0
2021-01-28,135.69,138.09,132.95,133.33,142621100,0
2021-01-29,132.1,132.99,126.63,128.34,177523800,0
2021-02-01,130.08,131.66,127.33,130.46,106239800,0
2021-02-02,132.0,132.57,130.91,131.28,83305400,0
2021-02-03,132.03,132.04,129.94,130.26,89880900,0
2021-02-04,132.56,133.63,130.89,133.62,84183100,0
2021-02-05,133.78,133.85,132.33,133.2,75693800,0
2021-02-08,132.49,133.4,131.41,133.35,71297200,0
2021-02-09,133.07,134.29,132.32,132.47,76774200,0
2021-02-10,132.93,133.43,130.9,131.87,73046600,0
2021-02-11,132.37,132.84,130.29,131.62,64280000,0
2021-02-12,130.86,132.01,130.21,131.85,60145100,0
2021-02-16,131.97,132.47,129.34,129.73,80576300,0
2021-02-17,127.84,128.78,126.1,127.44,97918500,0
2021-02-18,125.84,126.62,124.1,126.34,96856700,0
2021-02-19,126.85,127.31,125.45,126.49,87668800,0
2021-02-22,124.68,126.35,122.33,122.72,103916400,0
2021-02-23,120.54,123.41,115.31,122.59,158273000,0
2021-02-24,121.69,122.29,119.05,122.09,111039900,0
2021-02-25,121.44,123.17,117.41,117.84,148199500,0
2021-02-26,119.4,121.6,118.05,118.11,164560400,0
2021-03-01,120.53,124.6,119.6,124.47,116307900,0
2021-03-02,125.07,125.37,121.76,121.87,102260900,0
2021-03-03,121.56,122.44,118.67,118.89,112966300,0
2021-03-04,118.58,120.39,115.54,117.01,178155000,0
2021-03-05,117.83,118.77,114.51,118.26,153766600,0
2021-03-08,117.79,117.85,113.19,113.33,154376600,0
2021-03-09,115.93,118.89,115.7,117.94,129525800,0
2021-03-10,118.53,118.99,116.34,116.86,111943300,0
2021-03-11,119.35,120.01,118.11,118.79,103026500,0
2021-03-12,117.27,118.02,116.06,117.88,88105100,0
2021-03-15,118.25,120.78,117.29,120.77,92403800,0
2021-03-16,122.43,123.91,121.48,122.3,115227900,0
2021-03-17,120.82,122.59,119.16,121.52,111932600,0
2021-03-18,119.68,119.98,117.19,117.4,121229700,0
2021-03-19,116.78,118.27,116.57,116.87,185549500,0
2021-03-22,117.2,120.65,117.13,120.18,111912300,0
2021-03-23,120.12,121.01,118.96,119.35,95467100,0
2021-03-24,119.63,119.7,116.95,116.97,88530500,0
2021-03-25,116.43,118.5,115.91,117.45,98844700,0
2021-03-26,117.22,118.32,115.83,118.06,94071200,0
2021-03-29,118.49,119.39,117.59,118.23,80819200,0
2021-03-30,116.99,117.27,115.77,116.78,85671900,0
2021-03-31,118.49,120.31,118.0,118.97,118323800,0
2021-04-01,120.44,120.95,119.3,119.8,75089100,0
2021-04-05,120.65,122.88,119.87,122.63,88651200,0
2021-04-06,123.21,123.82,122.38,122.93,80171300,0
2021-04-07,122.56,124.59,121.89,124.57,83466700,0
2021-04-08,125.6,127.0,125.18,126.97,88844600,0
2021-04-09,126.42,129.58,126.1,129.54,106686700,0
2021-04-12,129.07,129.4,127.23,127.83,91420000,0
2021-04-13,129.0,131.16,128.5,130.93,91266500,0
2021-04-14,131.43,131.49,128.24,128.6,87222800,0
2021-04-15,130.34,131.49,130.16,131.0,89347100,0
2021-04-16,130.81,131.17,129.81,130.67,84922400,0
2021-04-19,130.04,131.95,129.87,131.33,94264200,0
2021-04-20,131.51,132.01,128.38,129.65,94812300,0
2021-04-21,128.92,130.27,127.89,130.03,68847100,0
2021-04-22,129.58,130.66,127.99,128.51,84566500,0
2021-04-23,128.72,131.61,128.72,130.83,78657500,0
2021-04-26,131.32,131.55,130.09,131.22,66905100,0
2021-04-27,131.5,131.89,130.62,130.9,66015800,0
2021-04-28,130.82,131.51,129.62,130.11,107760100,0
2021-04-29,132.92,133.51,129.01,130.01,151101000,0
2021-04-30,128.35,130.09,127.66,128.04,109839500,0
2021-05-03,128.61,130.58,128.4,129.09,75135100,0
2021-05-04,127.78,128.07,123.41,124.53,137564700,0
2021-05-05,125.84,127.06,124.64,124.77,84000900,0
2021-05-06,124.56,126.38,123.82,126.37,78128300,0
2021-05-07,127.66,128.06,126.33,127.04,78973300,0
2021-05-10,126.26,126.39,123.72,123.76,88071200,0
2021-05-11,120.49,123.2,119.78,122.84,126142800,0
2021-05-12,120.4,121.61,119.27,119.78,112172300,0
2021-05-13,121.55,123.08,121.23,121.93,105861300,0
2021-05-14,123.18,124.78,122.79,124.35,81918000,0
2021-05-17,123.73,123.84,122.12,123.2,74244600,0
2021-05-18,123.48,123.9,121.74,121.81,63342900,0
2021-05-19,120.16,121.88,119.87,121.65,92612000,0
2021-05-20,122.18,124.61,122.05,124.21,76857100,0
2021-05-21,124.71,124.88,122.16,122.38,79295400,0
2021-05-24,122.94,124.82,122.87,124.01,63092900,0
2021-05-25,124.71,125.2,123.24,123.81,72009500,0
2021-05-26,123.87,124.29,123.34,123.76,56575900,0
2021-05-27,123.36,124.53,122.03,122.23,94625600,0
2021-05-28,122.51,122.74,121.52,121.58,71311100,0
2021-06-01,122.03,122.3,120.92,121.25,67637100,0
2021-06-02,121.25,122.19,121.03,122.01,59278900,0
2021-06-03,121.64,121.81,120.13,120.53,76229200,0
2021-06-04,121.05,123.09,120.83,122.82,75169300,0
2021-06-07,123.1,123.24,121.79,122.83,71057600,0
2021-06-08,123.52,125.33,123.14,123.65,74403800,0
2021-06-09,124.11,124.64,123.44,124.03,56877900,0
2021-06-10,123.93,125.07,122.87,123.04,71186400,0
2021-06-11,123.45,124.34,123.03,124.25,53522400,0
2021-06-14,124.71,127.36,123.98,127.3,96906500,0
2021-06-15,126.78,127.42,126.24,126.48,62746300,0
2021-06-16,127.2,127.7,125.33,126.98,91815000,0
2021-06-17,126.64,129.32,126.49,128.58,96721700,0
2021-06-18,127.53,128.31,127.07,127.28,108953300,0
2021-06-21,127.13,129.19,126.06,129.08,79663300,0
2021-06-22,128.91,130.82,128.42,130.72,74783600,0
2021-06-23,130.51,131.05,129.99,130.44,60214200,0
2021-06-24,131.18,131.36,129.69,130.16,68711000,0
2021-06-25,130.21,130.63,129.58,129.87,70783700,0
2021-06-28,130.16,131.96,130.1,131.5,62111300,0
2021-06-29,131.52,133.17,131.08,133.01,64556100,0
2021-06-30,132.85,134.06,132.56,133.63,63261400,0
2021-07-01,133.27,133.99,132.45,133.93,52485800,0
2021-07-02,134.54,136.59,134.4,136.55,78852600,0
2021-07-06,136.66,139.66,136.66,138.56,108181800,0
2021-07-07,140.04,141.36,139.19,141.05,104911600,0
2021-07-08,138.13,140.55,137.24,139.75,105575500,0
2021-07-09,139.27,142.1,139.18,141.58,99890800,0
2021-07-12,142.65,142.76,140.49,140.98,76299700,0
2021-07-13,140.52,143.87,140.13,142.09,100827100,0
2021-07-14,144.49,145.93,144.08,145.52,127050800,0
2021-07-15,145.61,146.35,143.51,144.86,106820300,0
2021-07-16,144.85,146.11,142.33,142.83,93251400,0
2021-07-19,140.25,140.56,138.22,138.98,121434600,0
2021-07-20,139.97,143.52,139.48,142.59,96350000,0
2021-07-21,141.99,142.57,141.11,141.86,74993500,0
2021-07-22,142.39,144.59,142.26,143.23,77338200,0
2021-07-23,143.96,145.1,143.34,144.94,71447400,0
2021-07-26,144.66,146.18,144.1,145.36,72434100,0
2021-07-27,145.49,145.58,142.01,143.2,104818600,0
2021-07-28,141.28,143.39,139.07,141.45,118931200,0
2021-07-29,141.17,142.98,141.06,142.09,56699500,0
2021-07-30,140.86,142.77,140.6,142.31,70440600,0
2021-08-02,142.8,143.37,141.71,141.98,62880000,0
2021-08-03,142.26,144.44,141.64,143.77,64786600,0
2021-08-04,143.68,144.19,142.72,143.37,56368300,0
2021-08-05,143.4,144.24,142.61,143.48,46397700,0
2021-08-06,143.0,143.74,142.3,142.8,54126800,0
2021-08-09,142.85,143.34,142.19,142.75,48908700,0
2021-08-10,143.09,144.33,141.97,142.27,69023100,0
2021-08-11,142.71,143.36,142.2,142.52,48493500,0
2021-08-12,142.84,145.64,142.5,145.48,72282600,0
2021-08-13,145.56,146.02,144.88,145.69,59375000,0
2021-08-16,145.14,147.73,143.12,147.66,103296000,0
2021-08-17,146.79,148.21,145.68,146.75,92229700,0
2021-08-18,146.37,147.27,142.8,143.01,86326000,0
2021-08-19,141.71,144.61,141.19,143.34,86960300,0
2021-08-20,144.07,145.1,143.42,144.8,60549600,0
2021-08-23,144.92,146.75,144.51,146.28,60131800,0
2021-08-24,146.03,147.41,145.74,146.2,48606400,0
2021-08-25,146.38,146.88,144.42,144.96,58991300,0
2021-08-26,144.95,145.71,144.13,144.16,48597200,0
2021-08-27,144.1,145.35,143.47,145.2,55802400,0
2021-08-30,145.59,149.98,145.21,149.62,90956700,0
2021-08-31,149.17,149.3,147.83,148.35,86453100,0
2021-09-01,149.33,151.43,148.85,149.02,80313700,0
2021-09-02,150.35,151.18,148.91,150.13,71115500,0
2021-09-03,150.24,151.09,149.59,150.77,57808700,0
2021-09-07,151.42,153.66,150.86,153.1,82278300,0
2021-09-08,153.39,153.45,150.46,151.56,74420200,0
2021-09-09,151.93,152.54,150.43,150.54,57305700,0
2021-09-10,151.45,151.92,145.3,145.56,140893200,0
2021-09-13,147.18,147.95,145.35,146.13,102404300,0
2021-09-14,146.91,147.61,143.55,144.73,109296300,0
2021-09-15,145.16,146.02,143.02,145.62,83281300,0
2021-09-16,145.04,145.56,143.85,145.38,68034100,0
2021-09-17,145.41,145.41,142.42,142.72,129868800,0
2021-09-20,140.51,141.52,138.04,139.67,123478900,0
2021-09-21,140.64,141.29,139.51,140.15,75834000,0
2021-09-22,141.14,143.08,140.41,142.51,76404300,0
2021-09-23,143.29,143.71,142.31,143.47,64838200,0
2021-09-24,142.33,144.09,142.23,143.56,53477900,0
2021-09-27,142.14,142.62,140.53,142.04,74150700,0
2021-09-28,139.97,141.44,138.45,138.66,108972300,0
2021-09-29,139.21,141.14,138.78,139.56,74602000,0
2021-09-30,140.37,141.08,138.05,138.26,89056700,0
2021-10-01,138.65,139.65,135.93,139.38,94639600,0
2021-10-04,138.52,138.96,135.11,135.96,98322000,0
2021-10-05,136.3,138.98,136.17,137.88,80861100,0
2021-10-06,136.28,138.9,135.2,138.75,83221100,0
2021-10-07,139.79,140.92,139.45,140.01,61732700,0
2021-10-08,140.73,140.88,139.3,139.63,58773200,0
2021-10-11,139.01,141.5,138.56,139.54,64452200,0
2021-10-12,139.95,139.97,137.81,138.27,73035900,0
2021-10-13,138.01,138.16,136.01,137.68,78762700,0
2021-10-14,138.86,140.59,138.27,140.47,69907100,0
2021-10-15,140.48,141.58,140.23,141.52,67940300,0
2021-10-18,140.17,143.48,139.88,143.2,85589200,0
2021-10-19,143.65,145.76,143.2,145.36,76378900,0
2021-10-20,145.3,146.32,144.73,145.84,58418800,0
2021-10-21,145.4,146.22,144.49,146.06,61421000,0
2021-10-22,146.26,146.74,145.24,145.29,58883400,0
2021-10-25,145.28,145.95,144.24,145.24,50720600,0
2021-10-26,145.91,147.39,145.6,145.9,60893400,0
2021-10-27,145.94,146.3,145.09,145.44,56094900,0
2021-10-28,146.39,149.66,146.29,149.08,100077900,0
2021-10-29,143.85,146.51,143.06,146.37,124953200,0
2021-11-01,145.58,146.27,144.42,145.55,74588300,0
2021-11-02,145.26,148.1,145.25,146.59,69122000,0
2021-11-03,146.95,148.49,146.39,148.02,54511500,0
2021-11-04,148.11,148.94,147.19,147.5,60394600,0
2021-11-05,148.63,148.93,146.84,148.03,65463900,0
2021-11-08,148.16,148.32,146.94,147.21,55020900,0
2021-11-09,146.98,148.18,146.84,147.57,56787900,0
2021-11-10,146.8,146.91,144.68,144.75,65187100,0
2021-11-11,145.76,146.22,144.51,144.7,41000000,0
2021-11-12,145.24,147.17,144.31,146.77,63804000,0
2021-11-15,147.14,148.62,146.22,146.78,59222800,0
2021-11-16,146.72,148.24,146.13,147.76,59256200,0
2021-11-17,147.76,151.67,147.75,150.2,88807000,0
2021-11-18,150.41,155.26,149.77,154.48,137827700,0
2021-11-19,154.27,157.56,153.17,157.1,117305600,0
2021-11-22,158.21,162.14,157.54,157.56,117467900,0
2021-11-23,157.66,158.33,155.65,157.95,96041900,0
2021-11-24,157.3,158.66,156.21,158.46,69463600,0
2021-11-26,156.15,157.01,153.0,153.44,76959800,0
2021-11-29,155.95,157.73,155.38,156.8,88748200,0
2021-11-30,156.56,161.97,156.49,161.75,174048100,0
2021-12-01,163.89,166.64,161.0,161.23,152052500,0
2021-12-02,155.33,160.68,154.41,160.25,136739200,0
2021-12-03,160.5,161.42,156.29,158.37,118023100,0
2021-12-06,160.76,164.28,160.75,161.77,107497000,0
2021-12-07,165.45,167.9,164.73,167.51,120405400,0
2021-12-08,168.44,172.18,167.04,171.32,116998900,0
2021-12-09,171.16,172.96,170.19,170.81,108923700,0
2021-12-10,171.45,175.77,170.94,175.6,115402700,0
2021-12-13,177.23,178.22,171.76,171.97,153237000,0
2021-12-14,171.49,173.93,168.51,170.59,139380400,0
2021-12-15,171.35,175.65,168.61,175.45,131063300,0
2021-12-16,175.43,177.25,167.09,168.56,150185800,0
2021-12-17,166.28,169.75,166.05,167.47,195432700,0
2021-12-20,164.67,166.92,163.87,166.11,107499100,0
2021-12-21,167.88,169.48,165.49,169.28,91185900,0
2021-12-22,169.33,172.09,168.46,171.87,92135300,0
2021-12-23,172.08,173.05,171.51,172.5,68356600,0
2021-12-27,173.29,176.55,173.27,176.46,74919600,0
2021-12-28,176.29,177.44,174.7,175.44,79144300,0
2021-12-29,175.48,176.75,174.32,175.53,62348900,0
2021-12-30,175.62,176.69,174.27,174.38,59773000,0
2021-12-31,174.27,175.38,173.46,173.76,64062300,0
2022-01-03,174.01,178.96,173.9,178.1,104487900,0
2022-01-04,178.71,179.01,175.28,175.84,99310400,0
2022-01-05,175.76,176.3,170.89,171.17,94537600,0
2022-01-06,168.99,171.54,167.96,168.31,96904000,0
2022-01-07,169.18,170.4,167.36,168.47,86709100,0
2022-01-10,165.45,168.8,164.56,168.49,106765600,0
2022-01-11,168.62,171.42,167.15,171.32,76138300,0
2022-01-12,172.34,173.38,171.07,171.76,74805200,0
2022-01-13,172.01,172.83,168.1,168.49,84505800,0
2022-01-14,167.66,170.05,167.42,169.36,80440800,0
2022-01-18,167.83,168.84,165.77,166.16,90956700,0
2022-01-19,166.35,167.41,162.38,162.66,94815000,0
2022-01-20,163.4,166.04,160.66,160.98,91420500,0
2022-01-21,160.89,162.76,158.82,158.92,122848900,0
2022-01-24,156.59,158.82,151.38,158.15,162294600,0
2022-01-25,155.57,159.27,153.65,156.35,115798400,0
2022-01-26,159.99,160.86,154.43,156.26,108275300,0
2022-01-27,158.96,160.32,154.88,155.8,121954600,0
2022-01-28,162.15,166.69,159.31,166.67,179935700,0
2022-01-31,166.51,171.24,165.87,171.03,115541600,0
2022-02-01,170.28,171.09,168.61,170.86,86213900,0
2022-02-02,171.0,172.11,169.61,172.07,84914300,0
2022-02-03,170.74,172.46,168.43,169.19,89418100,0
2022-02-04,168.21,170.58,167.23,168.91,82465400,0
2022-02-07,169.37,170.43,167.49,168.19,77251200,0
2022-02-08,168.26,171.81,167.96,171.3,74829200,0
2022-02-09,172.49,173.08,171.36,172.72,71285000,0
2022-02-10,170.62,171.93,168.08,168.64,90865900,0
2022-02-11,168.85,169.58,164.64,165.23,98670700,0
2022-02-14,163.99,166.15,163.19,165.47,86185500,0
2022-02-15,167.51,169.45,166.81,169.3,62527400,0
2022-02-16,168.38,169.84,166.61,169.06,61177400,0
2022-02-17,167.57,168.43,165.06,165.47,69589300,0
2022-02-18,166.39,167.09,162.83,163.92,82772700,0
2022-02-22,161.64,163.32,158.87,161.0,91162800,0
2022-02-23,162.19,162.79,156.52,156.83,90009200,0
2022-02-24,149.5,159.56,148.93,159.45,141147500,0
2022-02-25,160.53,161.78,157.62,161.52,91974200,0
2022-02-28,159.76,162.08,159.15,161.78,95056600,0
2022-03-01,161.37,163.23,158.7,159.9,83474400,0
2022-03-02,161.07,163.98,159.66,163.19,79724800,0
2022-03-03,165.06,165.5,162.2,162.87,76678400,0
2022-03-04,161.16,162.2,158.82,159.87,83737200,0
2022-03-07,160.06,161.68,155.82,156.08,96418800,0
2022-03-08,155.61,159.59,152.65,154.26,131148300,0
2022-03-09,158.22,160.11,156.19,159.66,91454900,0
2022-03-10,156.96,157.15,152.83,155.32,105342000,0
2022-03-11,155.72,156.06,151.38,151.6,96970100,0
2022-03-14,148.39,151.0,147.07,147.58,108732100,0
2022-03-15,147.85,152.43,147.34,151.95,92964300,0
2022-03-16,153.88,156.77,151.34,156.36,102300200,0
2022-03-17,155.4,157.75,154.44,157.37,75615400,0
2022-03-18,157.27,161.15,156.53,160.67,123511700,0
2022-03-21,160.2,162.99,159.71,162.04,95811400,0
2022-03-22,162.16,166.0,161.58,165.41,81532000,0
2022-03-23,164.59,169.15,164.26,166.77,98062700,0
2022-03-24,167.6,170.62,166.77,170.55,90131400,0
2022-03-25,170.36,171.74,169.26,171.19,80546200,0
2022-03-28,168.69,172.18,168.52,172.05,90371900,0
2022-03-29,173.12,175.39,172.78,175.34,100589400,0
2022-03-30,174.94,175.98,173.13,174.18,92633200,0
2022-03-31,174.24,174.43,170.87,171.08,103049300,0
2022-04-01,170.51,171.34,168.46,170.79,78751300,0
2022-04-04,171.04,174.88,170.91,174.83,76468400,0
2022-04-05,173.91,174.7,170.89,171.52,73401800,0
2022-04-06,168.88,170.12,166.69,168.36,89058800,0
2022-04-07,167.7,169.86,166.42,168.66,77594700,0
2022-04-08,168.31,168.31,165.78,166.65,76575500,0
2022-04-11,165.3,165.61,162.15,162.4,72246700,0
2022-04-12,164.62,166.44,163.27,164.27,79265200,0
2022-04-13,164.01,167.58,163.4,166.96,70618900,0
2022-04-14,167.17,167.81,161.7,161.95,75329400,0
2022-04-18,160.61,163.23,160.26,161.73,69023900,0
2022-04-19,161.68,164.43,160.6,164.02,67723800,0
2022-04-20,165.35,165.47,162.74,163.85,67929800,0
2022-04-21,165.5,168.06,162.56,163.06,87227800,0
2022-04-22,163.09,164.48,158.24,158.52,84882400,0
2022-04-25,157.86,159.87,155.26,159.59,96046400,0
2022-04-26,158.97,159.06,153.55,153.63,95623200,0
2022-04-27,152.76,156.56,152.24,153.4,88063200,0
2022-04-28,156.03,161.19,155.72,160.33,130216800,0
2022-04-29,158.57,162.84,154.07,154.46,131747600,0
2022-05-02,153.54,155.03,150.17,154.77,123055300,0
2022-05-03,154.95,157.46,153.16,156.26,88966500,0
2022-05-04,156.44,163.11,156.04,162.66,108256500,0
2022-05-05,160.54,160.76,151.82,153.6,130525300,0
2022-05-06,153.08,156.45,151.29,154.33,116124600,0
2022-05-09,152.02,152.9,148.65,149.2,131577900,0
2022-05-10,152.6,153.8,150.06,151.61,115366700,0
2022-05-11,150.62,152.53,143.07,143.75,142689800,0
2022-05-12,140.09,143.45,136.19,139.88,182602000,0
2022-05-13,141.88,145.32,140.42,144.35,113990900,0
2022-05-16,142.82,144.75,141.47,142.81,86643800,0
2022-05-17,146.07,146.96,143.93,146.44,78336300,0
2022-05-18,144.09,144.59,137.27,138.18,109742900,0
2022-05-19,137.25,139.0,134.04,134.77,136095600,0
2022-05-20,136.48,138.06,130.12,135.01,137426100,0
2022-05-23,135.2,140.57,135.07,140.42,117726300,0
2022-05-24,138.17,139.3,134.75,137.72,104132700,0
2022-05-25,135.83,139.13,135.74,137.88,92482700,0
2022-05-26,134.81,141.63,134.57,141.08,90601500,0
2022-05-27,142.66,146.87,142.53,146.83,90978500,0
2022-05-31,146.27,147.83,144.08,146.05,103718400,0
2022-06-01,147.09,148.89,144.91,145.92,74286600,0
2022-06-02,145.05,148.43,144.1,148.37,72348100,0
2022-06-03,144.14,145.19,141.75,142.65,88570300,0
2022-06-06,144.27,145.78,142.18,143.4,71598400,0
2022-06-07,141.64,146.2,141.39,145.92,67808200,0
2022-06-08,145.79,147.06,144.69,145.18,53950200,0
2022-06-09,144.32,145.17,139.85,139.96,69473000,0
2022-06-10,137.65,138.12,134.49,134.56,91437900,0
2022-06-13,130.38,132.66,128.97,129.4,122207100,0
2022-06-14,130.63,131.38,129.01,130.27,84784300,0
2022-06-15,131.77,134.76,129.68,132.89,91533000,0
2022-06-16,129.6,129.9,126.62,127.62,108123900,0
2022-06-17,127.63,130.58,127.37,129.09,134520300,0
2022-06-21,130.91,134.49,130.82,133.32,81000500,0
2022-06-22,132.26,135.17,131.4,132.81,73409200,0
2022-06-23,134.25,135.99,133.08,135.67,72433800,0
2022-06-24,137.27,139.25,137.15,139.0,89116800,0
2022-06-27,140.02,140.8,138.32,139.0,70207900,0
2022-06-28,139.46,140.73,134.74,134.86,67083400,0
2022-06-29,134.88,138.03,134.1,136.62,66242400,0
2022-06-30,134.67,135.77,131.26,134.15,98964500,0
2022-07-01,133.49,136.43,133.11,136.32,71051600,0
2022-07-05,135.18,138.95,134.36,138.9,73353800,0
2022-07-06,138.7,141.41,138.43,140.24,74064300,0
2022-07-07,140.6,143.8,140.59,143.6,66253700,0
2022-07-08,142.53,144.78,142.28,144.28,64547800,0
2022-07-11,142.93,143.89,141.08,142.15,63141600,0
2022-07-12,143.02,145.66,142.33,143.12,77588800,0
2022-07-13,140.31,143.7,139.45,142.76,71185600,0
2022-07-14,141.37,146.15,140.56,145.68,78140700,0
2022-07-15,146.97,148.03,145.42,147.35,76259900,0
2022-07-18,147.91,148.72,143.95,144.31,81420900,0
2022-07-19,145.14,148.39,144.15,148.16,82982400,0
2022-07-20,148.28,150.83,147.55,150.17,64823400,0
2022-07-21,151.6,152.65,149.09,152.43,65086600,0
2022-07-22,152.47,153.35,150.53,151.2,66675400,0
2022-07-25,151.12,152.13,149.42,150.08,53623900,0
2022-07-26,149.4,150.22,147.97,148.75,55138700,0
2022-07-27,149.72,154.38,149.3,153.85,78620700,0
2022-07-28,154.03,154.68,151.51,154.4,81378700,0
2022-07-29,158.21,160.56,156.51,159.46,101786900,0
2022-08-01,157.99,160.52,157.87,158.48,67829400,0
2022-08-02,157.09,159.36,156.63,157.01,59907000,0
2022-08-03,157.82,163.46,157.73,163.01,82507500,0
2022-08-04,162.89,164.05,161.34,162.7,55474100,0
2022-08-05,160.37,162.96,160.16,162.47,56697000,0
2022-08-08,163.47,164.89,161.34,162.0,60276900,0
2022-08-09,161.16,162.93,160.41,162.05,63135500,0
2022-08-10,164.76,166.39,163.99,166.29,70170500,0
2022-08-11,167.1,168.01,165.26,165.56,57149200,0
2022-08-12,166.86,169.17,166.45,169.1,68039400,0
2022-08-15,168.53,170.37,168.37,170.17,54091700,0
2022-08-16,169.77,170.69,168.67,170.02,56377100,0
2022-08-17,169.76,173.08,169.57,171.51,79542000,0
2022-08-18,170.72,171.85,170.11,171.12,62290100,0
2022-08-19,170.02,170.71,168.33,168.53,70346300,0
2022-08-22,166.74,166.9,164.23,164.65,69026800,0
2022-08-23,164.17,165.77,163.75,164.32,54147100,0
2022-08-24,164.41,165.18,163.36,164.61,53841500,0
2022-08-25,165.84,167.18,165.42,167.07,51218200,0
2022-08-26,167.6,168.07,160.71,160.77,78961000,0
2022-08-29,158.34,160.06,157.04,158.57,73314000,0
2022-08-30,159.31,159.73,154.97,156.14,77906200,0
2022-08-31,157.52,157.78,154.4,154.48,87991100,0
2022-09-01,153.91,155.66,151.98,155.21,74229900,0
2022-09-02,156.97,157.57,152.27,153.1,76957800,0
2022-09-06,153.75,154.35,151.01,151.84,73714800,0
2022-09-07,152.12,153.94,150.94,153.24,87449600,0
2022-09-08,151.95,153.64,150.02,151.77,84923800,0
2022-09-09,152.76,155.07,152.06,154.63,68028800,0
2022-09-12,156.81,161.4,156.53,160.58,104956000,0
2022-09-13,157.12,157.74,150.7,151.16,122656600,0
2022-09-14,152.09,154.36,150.94,152.61,87965400,0
2022-09-15,151.96,152.54,148.74,149.72,90481100,0
2022-09-16,148.58,148.71,145.79,148.08,162278800,0
2022-09-19,146.71,151.87,146.5,151.79,81474200,0
2022-09-20,150.73,155.33,150.41,154.17,107689800,0
2022-09-21,154.6,155.98,150.93,151.04,101696800,0
2022-09-22,149.73,151.78,148.28,150.08,86652500,0
2022-09-23,148.56,148.83,145.97,147.81,96029900,0
2022-09-26,147.05,151.09,147.03,148.14,93339400,0
2022-09-27,150.08,152.03,147.34,149.12,84442700,0
2022-09-28,145.07,148.02,142.32,147.23,146691400,0
2022-09-29,143.56,144.17,138.23,140.0,128138200,0
2022-09-30,138.82,140.61,135.6,135.79,124925300,0
2022-10-03,135.8,140.58,135.29,139.97,114311700,0
2022-10-04,142.5,143.67,141.75,143.56,87830100,0
2022-10-05,141.56,144.81,140.52,143.85,79471000,0
2022-10-06,143.27,144.97,142.69,142.9,68402200,0
2022-10-07,140.06,140.61,137.02,137.65,85925600,0
2022-10-10,137.97,139.42,136.16,137.97,74899000,0
2022-10-11,137.46,138.89,135.81,136.56,77033700,0
2022-10-12,136.71,137.92,135.75,135.93,70433700,0
2022-10-13,132.64,141.09,132.03,140.5,113224000,0
2022-10-14,141.8,142.0,135.78,135.97,88598000,0
2022-10-17,138.61,140.41,137.83,139.93,85250900,0
2022-10-18,142.96,144.15,138.16,141.25,99136600,0
2022-10-19,139.22,142.43,139.04,141.35,61758300,0
2022-10-20,140.53,143.35,140.17,140.89,64522000,0
2022-10-21,140.38,145.28,140.17,144.71,86548600,0
2022-10-24,144.63,147.61,143.46,146.85,75981900,0
2022-10-25,147.48,149.83,146.76,149.69,74732300,0
2022-10-26,148.33,149.34,145.46,146.75,88194300,0
2022-10-27,145.49,146.45,141.62,142.28,109180200,0
2022-10-28,145.62,154.76,145.25,153.03,164762400,0
2022-10-31,150.49,151.55,149.27,150.67,97943200,0
2022-11-01,152.38,152.74,146.53,148.03,80379300,0
2022-11-02,146.36,149.52,142.48,142.5,93604600,0
2022-11-03,139.59,140.31,136.33,136.46,97918500,0
2022-11-04,139.85,140.42,132.26,136.2,140814800,0
2022-11-07,134.95,136.95,133.53,136.73,83374600,0
2022-11-08,138.19,139.2,135.32,137.3,89908500,0
2022-11-09,136.31,136.36,132.47,132.74,74917800,0
2022-11-10,139.01,144.55,137.3,144.55,118854000,0
2022-11-11,143.52,147.64,142.09,147.34,93979700,0
2022-11-14,146.62,147.91,145.1,145.94,73374100,0
2022-11-15,149.82,151.17,146.22,147.67,89868300,0
2022-11-16,146.78,147.5,144.97,146.44,64218300,0
2022-11-17,144.12,149.09,143.84,148.34,80389400,0
2022-11-18,149.91,150.29,147.6,148.9,74829600,0
2022-11-21,147.79,148.0,145.39,145.67,58724100,0
2022-11-22,145.79,148.05,144.61,147.81,51804100,0
2022-11-23,147.09,149.43,146.98,148.69,58301400,0
2022-11-25,145.97,146.53,144.8,145.77,35195900,0
2022-11-28,142.85,144.33,141.12,141.94,69246000,0
2022-11-29,142.01,142.52,138.13,138.94,83763800,0
2022-11-30,139.17,146.37,138.33,145.69,111380900,0
2022-12-01,145.87,146.78,144.3,145.97,71250400,0
2022-12-02,143.66,145.66,143.35,145.48,65447400,0
2022-12-05,145.44,148.54,143.47,144.32,68826400,0
2022-12-06,144.75,144.98,139.68,140.65,64727200,0
2022-12-07,139.95,141.11,137.79,138.72,69721100,0
2022-12-08,140.11,141.25,138.87,140.4,62128300,0
2022-12-09,140.09,143.27,138.68,139.92,76097000,0
2022-12-12,140.45,142.22,138.83,142.21,70462700,0
2022-12-13,147.14,147.6,141.96,143.17,93886200,0
2022-12-14,143.06,144.35,138.93,140.95,82291200,0
2022-12-15,138.88,139.56,133.88,134.35,98931900,0
2022-12-16,134.53,135.48,131.62,132.39,160156900,0
2022-12-19,132.98,133.07,129.25,130.28,79592600,0
2022-12-20,129.32,131.15,127.84,130.21,77432800,0
2022-12-21,130.88,134.65,130.65,133.31,85928000,0
2022-12-22,132.23,132.44,128.24,130.14,77852100,0
2022-12-23,128.85,130.33,127.59,129.78,63814900,0
2022-12-27,129.31,129.34,126.69,127.98,69007800,0
2022-12-28,127.62,128.96,123.88,124.05,85438400,0
2022-12-29,125.97,128.42,125.71,127.56,75703700,0
2022-12-30,126.38,127.9,125.42,127.88,77034200,0
2023-01-03,128.22,128.83,122.21,123.1,112117500,0
2023-01-04,124.89,126.63,123.11,124.37,89113600,0
2023-01-05,125.12,125.75,122.79,123.05,80962700,0
2023-01-06,124.02,128.23,122.92,127.57,87754700,0
2023-01-09,128.41,131.3,127.84,128.1,70790800,0
2023-01-10,128.2,129.19,126.1,128.67,63896200,0
2023-01-11,129.18,131.4,128.4,131.38,69458900,0
2023-01-12,131.77,132.14,129.37,131.3,71379600,0
2023-01-13,129.95,132.79,129.58,132.63,57809700,0
2023-01-17,132.7,135.12,132.01,133.79,63646600,0
2023-01-18,134.66,136.42,132.9,133.08,69672800,0
2023-01-19,131.96,134.1,131.66,133.14,58280400,0
2023-01-20,133.14,135.84,132.1,135.69,80223600,0
2023-01-23,135.94,141.06,135.72,138.88,81760300,0
2023-01-24,138.1,140.9,138.09,140.28,66435100,0
2023-01-25,138.67,140.18,136.62,139.62,65799300,0
2023-01-26,140.91,141.97,139.66,141.69,54105100,0
2023-01-27,140.9,144.91,140.82,143.63,70555800,0
2023-01-30,142.67,143.25,140.6,140.74,64015300,0
2023-01-31,140.45,142.06,140.03,142.01,65874500,0
2023-02-01,141.7,144.3,139.09,143.13,77663600,0
2023-02-02,146.55,148.79,145.83,148.44,118339000,0
2023-02-03,145.69,154.9,145.5,152.06,154357300,0
2023-02-06,150.16,150.68,148.4,149.34,69858300,0
2023-02-07,148.26,152.78,148.26,152.21,83322600,0
2023-02-08,151.45,152.14,148.78,149.52,64120100,0
2023-02-09,151.35,151.89,148.05,148.49,56007100,0
2023-02-10,147.33,149.18,147.09,148.85,57450700,0
2023-02-13,148.79,152.06,148.76,151.65,62199000,0
2023-02-14,149.95,151.57,148.71,151.01,61707600,0
2023-02-15,150.92,153.28,150.7,153.11,65573800,0
2023-02-16,151.32,154.1,151.16,151.51,68167900,0
2023-02-17,150.17,150.82,148.7,150.37,59144100,0
2023-02-21,148.06,149.14,146.29,146.36,58867200,0
2023-02-22,146.74,147.81,145.06,146.78,51011300,0
2023-02-23,147.95,148.19,145.14,147.27,48394200,0
2023-02-24,145.01,145.09,143.64,144.61,55469600,0
2023-02-27,145.6,147.04,145.34,145.81,44998500,0
2023-02-28,144.95,146.95,144.73,145.3,50547000,0
2023-03-01,144.73,145.13,142.94,143.23,55479000,0
2023-03-02,142.32,144.61,141.85,143.83,52238100,0
2023-03-03,145.93,148.95,145.23,148.87,70732300,0
2023-03-06,151.59,154.07,151.27,151.63,87558000,0
2023-03-07,151.51,151.83,148.97,149.44,56182000,0
2023-03-08,150.63,151.28,149.66,150.69,47204800,0
2023-03-09,151.37,152.33,148.08,148.44,53833600,0
2023-03-10,148.06,148.78,145.5,146.38,68572400,0
2023-03-13,145.7,150.95,145.59,148.32,84457100,0
2023-03-14,149.12,151.21,147.96,150.41,73695900,0
2023-03-15,149.03,151.06,147.78,150.81,77167900,0
2023-03-16,149.99,154.23,149.47,153.62,76161100,0
2023-03-17,153.85,154.5,152.08,152.79,98944600,0
2023-03-20,152.86,155.57,151.95,155.15,73641400,0
2023-03-21,155.07,157.12,154.3,157.01,73938300,0
2023-03-22,157.03,159.82,155.56,155.58,75701800,0
2023-03-23,156.56,159.24,155.43,156.66,67622100,0
2023-03-24,156.59,158.05,155.6,157.96,59196500,0
2023-03-27,157.66,158.47,155.62,156.02,52390300,0
2023-03-28,155.71,156.23,153.75,155.4,45992200,0
2023-03-29,157.09,158.75,157.07,158.47,51305700,0
2023-03-30,159.22,160.15,158.97,160.04,49501700,0
2023-03-31,160.12,162.64,159.6,162.55,68749800,0
2023-04-03,161.92,163.92,161.87,163.8,56976200,0
2023-04-04,164.22,164.46,162.75,163.26,46278300,0
2023-04-05,162.39,162.69,159.49,161.42,51511700,0
2023-04-06,160.11,162.6,159.69,162.31,45390100,0
2023-04-10,159.11,159.72,157.79,159.72,47716900,0
2023-04-11,160.03,160.04,158.22,158.5,47644200,0
2023-04-12,158.92,159.75,157.5,157.81,50133100,0
2023-04-13,159.32,163.43,159.11,163.2,68445600,0
2023-04-14,162.24,163.94,161.48,162.85,49386500,0
2023-04-17,162.73,163.03,161.69,162.87,41516200,0
2023-04-18,163.73,165.02,163.28,164.09,49923000,0
2023-04-19,163.43,165.76,163.18,165.24,47720200,0
2023-04-20,163.72,165.47,163.2,164.27,52456400,0
2023-04-21,162.69,164.07,162.14,162.66,58337300,0
2023-04-24,162.64,163.24,161.55,162.97,41949600,0
2023-04-25,162.83,163.94,161.39,161.43,48714100,0
2023-04-26,160.73,162.92,160.48,161.42,45498800,0
2023-04-27,162.83,166.15,162.83,166.01,64902300,0
2023-04-28,166.08,167.42,165.48,167.26,55275900,0
2023-05-01,166.86,168.02,166.23,167.17,52472900,0
2023-05-02,167.66,167.92,165.15,166.13,48425700,0
2023-05-03,167.08,168.48,164.77,165.06,65136000,0
2023-05-04,162.54,164.65,161.96,163.42,81235400,0
2023-05-05,168.54,171.81,168.32,171.09,113453200,0
2023-05-08,170.02,171.37,169.65,171.02,55962800,0
2023-05-09,170.58,171.06,169.15,169.32,45326900,0
2023-05-10,170.55,171.54,169.45,171.08,53724500,0
2023-05-11,171.37,172.1,169.71,171.27,49514700,0
2023-05-12,171.38,171.81,168.79,170.34,45533100,0
2023-05-15,170.92,170.97,169.26,169.85,37266700,0
2023-05-16,169.77,170.9,169.58,169.85,42110300,0
2023-05-17,169.49,170.7,168.22,170.46,57951600,0
2023-05-18,170.77,172.98,170.35,172.79,65496700,0
2023-05-19,174.11,174.11,172.68,172.9,55809500,0
2023-05-22,171.73,172.45,171.21,171.95,43570900,0
2023-05-23,170.89,171.14,169.07,169.34,50747300,0
2023-05-24,168.88,170.19,168.32,169.62,45143500,0
2023-05-25,170.18,171.65,169.47,170.76,56058300,0
2023-05-26,171.08,173.5,170.87,173.16,54835000,0
2023-05-30,174.67,176.68,174.29,175.01,55964400,0
2023-05-31,175.04,177.03,174.48,174.96,99625300,0
2023-06-01,175.4,177.79,174.64,177.76,68901800,0
2023-06-02,178.69,179.43,176.94,178.61,61996900,0
2023-06-05,180.27,182.56,175.74,177.26,121946500,0
2023-06-06,177.65,177.79,175.14,176.9,64848400,0
2023-06-07,176.14,178.87,175.03,175.52,61944600,0
2023-06-08,175.6,178.5,175.17,178.24,50214900,0
2023-06-09,179.16,179.88,178.3,178.62,48900000,0
2023-06-12,178.93,181.51,178.63,181.42,54274900,0
2023-06-13,180.44,181.77,180.08,180.94,54929100,0
2023-06-14,181.0,182.01,179.67,181.57,57462900,0
2023-06-15,181.58,184.11,181.41,183.61,65433200,0
2023-06-16,184.32,184.57,181.89,182.53,101256200,0
2023-06-20,182.03,183.7,182.03,182.62,49799100,0
2023-06-21,182.51,183.02,180.23,181.58,49515700,0
2023-06-22,181.37,184.63,181.3,184.58,51245300,0
2023-06-23,183.15,185.14,182.62,184.27,53117000,0
2023-06-26,184.42,185.62,182.84,182.88,48088700,0
2023-06-27,183.49,185.96,183.27,185.63,50730800,0
2023-06-28,185.5,187.45,185.18,186.81,51216800,0
2023-06-29,186.64,187.61,186.5,187.14,46347300,0
2023-06-30,189.15,191.97,188.79,191.46,85213200,0
2023-07-03,191.28,191.38,189.28,189.97,31458200,0
2023-07-05,189.1,190.49,188.16,188.86,46920300,0
2023-07-06,187.39,189.54,186.76,189.33,45094300,0
2023-07-07,188.94,190.18,187.78,188.22,46815000,0
2023-07-10,186.82,187.54,184.62,186.17,59922200,0
2023-07-11,186.72,186.85,184.19,185.65,46638100,0
2023-07-12,187.23,189.22,186.04,187.32,60750200,0
2023-07-13,188.04,188.72,187.33,188.08,41342300,0
2023-07-14,187.77,188.71,187.18,188.23,41616200,0
2023-07-17,189.42,191.81,189.33,191.48,50520200,0
2023-07-18,190.85,191.82,189.93,191.23,48288200,0
2023-07-19,190.61,195.67,190.16,192.58,80507300,0
2023-07-20,192.57,193.93,190.01,190.64,59581200,0
2023-07-21,191.59,192.45,188.76,189.46,71951700,0
2023-07-24,190.91,192.39,189.77,190.26,45377800,0
2023-07-25,190.83,191.93,190.43,191.12,37283200,0
2023-07-26,191.17,193.11,190.82,191.99,47471900,0
2023-07-27,193.49,194.65,190.06,190.72,47460200,0
2023-07-28,192.16,194.09,191.63,193.3,48291400,0
2023-07-31,193.53,193.95,192.74,193.91,38824100,0
2023-08-01,193.71,194.19,192.76,193.08,35175100,0
2023-08-02,192.52,192.66,189.37,190.09,50389300,0
2023-08-03,189.1,189.89,188.23,188.7,61235200,0
2023-08-04,183.12,184.96,179.57,179.64,115956800,0
2023-08-07,179.78,180.76,175.06,176.54,97576100,0
2023-08-08,177.37,177.94,175.29,177.48,67823000,0
2023-08-09,178.53,178.59,174.72,175.89,60378500,0
2023-08-10,177.16,178.42,175.31,175.67,54686900,0
2023-08-11,175.27,176.55,174.5,175.73,52036700,0
2023-08-14,175.91,177.61,175.26,177.38,43675600,0
2023-08-15,176.81,177.4,175.0,175.39,43622600,0
2023-08-16,175.08,176.47,174.46,174.52,46964900,0
2023-08-17,175.09,175.45,171.47,171.98,66062900,0
2023-08-18,170.3,173.07,169.97,172.47,61172200,0
2023-08-21,173.04,174.09,171.73,173.8,46311900,0
2023-08-22,175.01,175.62,174.21,175.18,42038900,0
2023-08-23,176.45,179.45,176.26,179.02,52722800,0
2023-08-24,178.58,179.0,173.97,174.34,54945800,0
2023-08-25,175.33,177.07,173.78,176.54,51449600,0
2023-08-28,178.0,178.5,176.48,178.1,43820700,0
2023-08-29,177.62,182.76,177.42,181.99,53003900,0
2023-08-30,182.8,185.67,182.6,185.48,60813900,0
2023-08-31,185.66,186.93,185.31,185.69,60794500,0
2023-09-01,187.29,187.72,186.1,187.27,45766500,0
2023-09-05,186.1,187.78,185.44,187.5,45280000,0
2023-09-06,186.22,186.66,179.37,180.79,81755800,0
2023-09-07,173.15,176.15,171.53,175.5,112488800,0
2023-09-08,176.28,178.15,175.73,176.12,65551300,0
2023-09-11,177.98,178.21,175.29,177.28,58953100,0
2023-09-12,177.41,178.04,172.79,174.26,90370200,0
2023-09-13,174.47,175.25,171.96,172.19,84267900,0
2023-09-14,171.98,174.06,171.57,173.7,60895800,0
2023-09-15,174.44,174.46,171.81,172.98,109259500,0
2023-09-18,174.44,177.3,174.13,175.91,67257600,0
2023-09-19,175.46,177.55,175.08,177.0,51826900,0
2023-09-20,177.18,177.62,173.37,173.46,58436200,0
2023-09-21,172.53,174.26,171.85,171.92,63149100,0
2023-09-22,172.65,175.03,172.03,172.77,56725400,0
2023-09-25,172.18,174.92,172.13,174.04,46172700,0
2023-09-26,172.79,173.17,169.67,169.97,64588900,0
2023-09-27,170.62,171.04,167.09,168.46,66921800,0
2023-09-28,167.38,170.04,165.68,168.71,56294400,0
2023-09-29,170.03,171.07,168.37,169.23,51861100,0
2023-10-02,169.24,172.28,168.95,171.74,52164500,0
2023-10-03,170.26,171.62,168.84,170.4,49594600,0
2023-10-04,169.11,172.19,168.99,171.65,53020300,0
2023-10-05,171.78,173.42,170.68,172.88,48527900,0
2023-10-06,171.79,175.93,171.17,175.43,57266700,0
2023-10-09,174.76,176.98,173.76,176.92,42390800,0
2023-10-10,176.04,177.64,175.89,176.32,43698000,0
2023-10-11,176.14,177.77,175.54,177.72,47551100,0
2023-10-12,177.98,180.23,176.97,178.62,56743100,0
2023-10-13,179.32,179.82,176.08,176.78,51427100,0
2023-10-16,174.7,177.01,174.47,176.65,52517000,0
2023-10-17,174.6,176.35,172.78,175.1,57549400,0
2023-10-18,173.55,175.52,173.08,173.8,54764400,0
2023-10-19,174.0,175.78,173.16,173.43,59302900,0
2023-10-20,173.28,173.39,170.64,170.88,64244000,0
2023-10-23,168.93,171.99,167.96,171.0,55980100,0
2023-10-24,171.05,171.66,169.46,171.43,43816600,0
2023-10-25,169.89,171.06,168.67,169.12,57157000,0
2023-10-26,168.4,169.39,163.75,164.96,70625300,0
2023-10-27,164.98,167.0,164.9,166.27,58499100,0
2023-10-30,167.06,169.19,166.91,168.32,51131000,0
2023-10-31,167.39,168.92,165.96,168.79,44846000,0
2023-11-01,169.02,172.21,168.15,171.95,56934900,0
2023-11-02,173.49,175.72,173.43,175.51,77334800,0
2023-11-03,172.22,174.77,171.34,174.6,79829200,0
2023-11-06,174.34,177.35,174.17,177.15,63841300,0
2023-11-07,177.1,180.33,176.9,179.71,70530000,0
2023-11-08,180.24,181.32,179.49,180.77,49340300,0
2023-11-09,180.84,181.99,179.7,180.3,53763500,0
2023-11-10,182.08,184.65,181.64,184.48,66133400,0
2023-11-13,183.91,184.12,182.32,182.9,43627500,0
2023-11-14,185.77,186.18,184.38,185.51,60108400,0
2023-11-15,185.92,187.55,185.85,186.08,53790500,0
2023-11-16,187.62,189.0,186.71,187.76,54412900,0
2023-11-17,188.29,188.42,186.63,187.74,50922700,0
2023-11-20,187.94,189.94,187.93,189.48,46505100,0
2023-11-21,189.44,189.55,187.79,188.68,38134500,0
2023-11-22,189.52,190.95,188.87,189.34,39617700,0
2023-11-24,188.91,188.94,187.3,188.02,24048300,0
2023-11-27,187.97,188.71,186.96,187.84,40552600,0
2023-11-28,187.83,189.12,187.45,188.44,38415400,0
2023-11-29,188.94,190.11,187.03,187.42,43014200,0
2023-11-30,187.89,188.36,186.26,188.0,48794400,0
2023-12-01,188.37,189.59,187.28,189.27,45704800,0
2023-12-04,188.03,188.1,185.52,187.48,43389500,0
2023-12-05,188.25,192.4,188.22,191.43,66628400,0
2023-12-06,192.45,192.76,190.13,190.34,41089700,0
2023-12-07,191.64,193.0,191.6,192.27,47477700,0
2023-12-08,192.2,193.97,191.68,193.7,53406400,0
2023-12-11,191.12,191.5,189.45,191.19,60943700,0
2023-12-12,191.09,192.72,189.75,192.71,52696900,0
2023-12-13,193.08,195.96,192.85,195.92,70404200,0
2023-12-14,195.98,197.57,194.14,196.07,66831600,0
2023-12-15,195.5,196.36,194.97,195.54,128538400,0
2023-12-18,194.07,194.61,192.39,193.88,55751900,0
2023-12-19,194.14,194.93,193.88,194.92,40714100,0
2023-12-20,194.88,195.65,192.83,192.83,52242800,0
2023-12-21,194.08,195.05,191.51,192.68,46482500,0
2023-12-22,193.17,193.4,190.99,191.61,37149600,0
2023-12-26,191.62,191.9,190.85,191.07,28919300,0
2023-12-27,190.51,191.51,189.13,191.16,48087700,0
2023-12-28,192.14,192.66,191.18,191.59,34049900,0
2023-12-29,191.91,192.4,189.76,190.55,42672100,0
2024-01-02,185.23,186.5,182.0,183.73,82488700,0
2024-01-03,182.33,183.97,181.54,182.36,58414500,0
2024-01-04,180.28,181.21,179.02,180.04,71983600,0
2024-01-05,180.12,180.88,178.32,179.32,62379700,0
2024-01-08,180.22,183.69,179.63,183.65,59144500,0
2024-01-09,182.03,183.25,180.85,183.24,42841800,0
2024-01-10,182.45,184.48,182.03,184.28,46792900,0
2024-01-11,184.62,185.13,181.73,183.68,49128400,0
2024-01-12,184.15,184.82,183.29,184.01,40477800,0
2024-01-16,180.29,182.37,179.07,181.74,65603000,0
2024-01-17,179.41,181.05,178.45,180.8,47317400,0
2024-01-18,184.18,187.2,183.92,186.69,78005800,0
2024-01-19,187.38,189.98,186.88,189.59,68903000,0
2024-01-22,190.32,193.32,190.28,191.9,60133900,0
2024-01-23,193.01,193.74,191.84,193.17,42355600,0
2024-01-24,193.41,194.36,192.34,192.5,53631300,0
2024-01-25,193.21,194.25,191.12,192.17,54822100,0
2024-01-26,192.27,192.76,189.97,190.44,44594000,0
2024-01-29,190.04,190.22,187.63,189.76,47145600,0
2024-01-30,188.98,189.83,185.54,186.11,55859400,0
2024-01-31,185.12,185.18,182.45,182.5,55467800,0
2024-02-01,182.1,185.03,181.93,184.94,64885400,0
2024-02-02,178.01,185.4,177.41,183.94,102551700,0
2024-02-05,186.22,187.3,183.93,185.75,69668800,0
2024-02-06,184.94,187.36,184.85,187.35,43490800,0
2024-02-07,188.68,189.09,186.67,187.46,53439000,0
2024-02-08,187.44,187.59,185.42,186.38,40962000,0
2024-02-09,186.95,188.28,186.3,187.15,45155200,0
2024-02-12,186.72,186.97,185.11,185.46,41781900,0
2024-02-13,184.09,184.53,181.85,183.37,56529500,0
2024-02-14,183.65,183.86,180.79,182.49,54630500,0
2024-02-15,181.89,182.83,179.71,182.2,65434500,0
2024-02-16,181.77,183.18,180.03,180.67,49752500,0
2024-02-20,180.15,180.78,178.38,179.92,53665600,0
2024-02-21,180.3,181.24,179.03,180.68,41371400,0
2024-02-22,181.83,183.29,180.81,182.71,52292200,0
2024-02-23,183.34,183.37,180.59,180.87,45119700,0
2024-02-26,180.6,181.11,179.02,179.53,40867400,0
2024-02-27,179.47,182.26,177.94,180.98,54318900,0
2024-02-28,180.86,181.47,178.51,179.78,48953900,0
2024-02-29,179.64,180.92,177.91,179.12,136682600,0
2024-03-01,177.93,178.9,175.78,178.04,73563100,0
2024-03-04,174.56,175.3,172.22,173.52,81510100,0
2024-03-05,169.22,170.49,168.09,168.59,95132400,0
2024-03-06,169.52,169.7,167.16,167.59,68587700,0
2024-03-07,167.62,169.19,166.97,167.48,71765100,0
2024-03-08,167.48,172.13,167.42,169.19,76267000,0
2024-03-11,171.38,172.81,170.5,171.19,60139500,0
2024-03-12,171.59,172.46,169.47,171.67,59825400,0
2024-03-13,171.21,171.63,169.22,169.59,52488700,0
2024-03-14,171.35,172.74,170.5,171.44,72913500,0
2024-03-15,169.63,171.06,168.75,171.06,121752700,0
2024-03-18,173.99,176.11,171.96,172.15,75604200,0
2024-03-19,172.77,175.02,171.47,174.49,55215200,0
2024-03-20,174.14,177.06,173.51,177.06,53423100,0
2024-03-21,175.45,175.89,169.3,169.82,106181300,0
2024-03-22,170.21,171.49,168.53,170.73,71160100,0
2024-03-25,169.03,170.39,167.92,169.31,54288300,0
2024-03-26,168.47,169.87,168.05,168.18,57388400,0
2024-03-27,168.87,172.03,168.58,171.75,60273300,0
2024-03-28,170.2,170.68,168.97,169.93,65672700,0
2024-04-01,169.65,169.71,167.95,168.5,46240500,0
2024-04-02,167.56,167.81,166.71,167.32,49329500,0
2024-04-03,167.27,169.14,167.06,168.12,47691700,0
2024-04-04,168.75,170.37,167.3,167.3,53704400,0
2024-04-05,168.06,168.85,167.43,168.05,42104800,0
2024-04-08,167.51,167.67,166.72,166.93,37425500,0
2024-04-09,167.18,168.55,166.83,168.14,42373800,0
2024-04-10,167.28,167.56,165.6,166.27,49709300,0
2024-04-11,166.82,173.88,166.64,173.46,91070300,0
2024-04-12,172.69,176.75,172.64,174.96,101670900,0
2024-04-15,173.78,175.04,170.94,171.13,73531800,0
2024-04-16,170.2,172.19,166.75,167.85,73711200,0
2024-04-17,168.08,169.11,166.48,166.48,50901200,0
2024-04-18,166.51,167.12,165.05,165.53,43122900,0
2024-04-19,164.71,164.9,162.6,163.51,68149400,0
2024-04-22,164.03,165.75,163.28,164.34,48116400,0
2024-04-23,163.86,165.54,163.43,165.39,49537800,0
2024-04-24,165.04,167.77,164.71,167.5,48251800,0
2024-04-25,168.0,169.07,166.63,168.36,50558300,0
2024-04-26,168.35,169.79,167.65,167.77,44838400,0
2024-04-29,171.81,174.44,171.54,171.94,68169400,0
2024-04-30,171.77,173.41,168.47,168.79,65934800,0
2024-05-01,168.05,171.15,167.58,167.77,50383100,0
2024-05-02,170.95,171.86,169.35,171.47,94214900,0
2024-05-03,184.97,185.31,181.01,181.73,163224100,0
2024-05-06,180.71,182.54,178.79,180.07,78569700,0
2024-05-07,181.8,183.23,179.68,180.75,77305800,0
2024-05-08,181.2,181.42,179.81,181.09,45057100,0
2024-05-09,180.91,182.99,180.47,182.91,48983000,0
2024-05-10,183.48,183.67,180.73,181.65,50759500,0
2024-05-13,184.02,185.66,183.2,184.85,72044800,0
2024-05-14,186.07,186.85,184.86,185.99,52393600,0
2024-05-15,186.47,189.19,185.93,188.26,70400000,0
2024-05-16,189.01,189.63,188.2,188.38,52845200,0
2024-05-17,188.06,189.35,187.73,188.41,41282900,0
2024-05-20,187.88,190.45,187.56,189.57,44361300,0
2024-05-21,189.62,191.25,189.45,190.87,42309400,0
2024-05-22,190.79,191.34,188.81,189.43,34648500,0
2024-05-23,189.51,189.53,185.2,185.45,51005900,0
2024-05-24,187.37,189.12,186.6,188.52,36327000,0
2024-05-28,190.04,191.52,187.65,188.53,52280100,0
2024-05-29,188.15,190.77,188.06,188.83,53068000,0
2024-05-30,189.3,190.71,189.17,189.82,49889100,0
2024-05-31,189.97,191.09,188.45,190.77,75158300,0
2024-06-03,191.42,193.49,191.04,192.54,50080500,0
2024-06-04,193.15,193.82,191.55,192.86,47471400,0
2024-06-05,193.9,195.39,193.37,194.37,54156800,0
2024-06-06,194.19,194.99,192.68,192.99,41181800,0
2024-06-07,193.16,195.43,192.65,195.38,53103900,0
2024-06-10,195.39,195.79,190.68,191.64,97010200,0
2024-06-11,192.16,205.57,192.14,205.56,172373300,0
2024-06-12,205.78,218.51,205.31,211.43,198134300,0
2024-06-13,213.09,215.09,209.98,212.6,97862700,0
2024-06-14,212.21,213.52,209.68,210.86,70122700,0
2024-06-17,211.73,217.27,211.09,215.01,93728300,0
2024-06-18,215.92,216.95,211.37,212.65,79943300,0
2024-06-20,212.29,212.6,207.25,208.07,86172500,0
2024-06-21,208.78,210.26,205.52,205.9,241805100,0
2024-06-24,206.13,211.07,205.0,206.54,80727000,0
2024-06-25,207.54,209.76,207.01,207.47,55549700,0
2024-06-26,209.88,213.21,209.02,211.61,66213200,0
2024-06-27,213.04,214.08,210.72,212.46,49772700,0
2024-06-28,214.11,214.41,208.69,209.0,82542700,0
2024-07-01,210.46,215.84,210.29,215.09,60402900,0
2024-07-02,214.49,218.69,213.45,218.58,58046200,0
2024-07-03,218.31,219.85,217.35,219.85,37369800,0
2024-07-05,219.95,224.71,219.95,224.6,60412400,0
2024-07-08,225.35,226.1,221.54,226.07,59085900,0
2024-07-09,226.18,227.64,224.63,226.92,48076100,0
2024-07-10,227.54,231.29,227.49,231.19,62627700,0
2024-07-11,229.61,230.61,224.04,225.82,64710600,0
2024-07-12,227.16,230.85,226.92,228.77,53046500,0
2024-07-15,234.67,235.41,231.3,232.6,62631300,0
2024-07-16,233.2,234.46,230.55,233.02,43234300,0
2024-07-17,227.69,229.68,224.9,227.12,57345900,0
2024-07-18,228.51,228.67,220.56,222.46,66034600,0
2024-07-19,223.09,225.06,221.57,222.59,49151500,0
2024-07-22,225.27,226.03,221.38,222.24,48201800,0
2024-07-23,222.65,225.2,220.97,223.28,39960300,0
2024-07-24,222.28,223.07,215.46,216.86,61777600,0
2024-07-25,217.25,219.16,212.97,215.82,51391200,0
2024-07-26,217.02,217.81,214.35,216.29,41601300,0
2024-07-29,215.29,217.62,214.09,216.57,36311800,0
2024-07-30,217.51,218.64,214.46,217.12,41643800,0
2024-07-31,219.74,222.1,218.94,220.38,50036300,0
2024-08-01,222.65,222.76,215.35,216.68,62501000,0
2024-08-02,217.47,223.87,216.04,218.17,105568600,0
2024-08-05,197.56,211.86,194.5,207.66,119548600,0
2024-08-06,203.72,208.38,199.53,205.64,69660500,0
2024-08-07,205.31,212.0,204.81,208.21,63516400,0
2024-08-08,211.47,212.56,207.23,211.67,47161100,0
2024-08-09,210.47,215.12,210.34,214.58,42201600,0
2024-08-12,214.66,218.08,214.19,216.11,38028100,0
2024-08-13,217.58,220.44,217.58,219.83,44155300,0
2024-08-14,219.13,221.57,218.27,220.27,41960600,0
2024-08-15,223.13,223.88,221.31,223.25,46414000,0
2024-08-16,222.46,225.35,222.19,224.57,44340200,0
2024-08-19,224.25,224.52,221.58,224.42,40687800,0
2024-08-20,224.3,225.69,223.98,225.03,30299000,0
2024-08-21,225.04,226.49,223.58,224.92,34765500,0
2024-08-22,226.3,226.85,222.44,223.06,43695300,0
2024-08-23,224.19,226.73,222.87,225.36,38677300,0
2024-08-26,225.28,225.8,222.43,225.7,30602200,0
2024-08-27,224.53,227.36,223.42,226.54,35934600,0
2024-08-28,226.43,228.36,224.21,225.01,38052200,0
2024-08-29,228.6,231.4,227.39,228.29,51906300,0
2024-08-30,228.69,228.9,226.0,227.51,52990800,0
2024-09-03,227.06,227.51,219.73,221.32,50190600,0
2024-09-04,220.21,220.33,216.06,219.41,43840200,0
2024-09-05,220.18,224.01,220.07,220.93,36615400,0
2024-09-06,222.49,223.77,218.34,219.38,48423000,0
2024-09-09,219.38,219.83,215.3,219.47,67180000,0
2024-09-10,217.49,220.03,215.32,218.67,51591000,0
2024-09-11,220.01,221.63,216.47,221.21,44587100,0
2024-09-12,221.05,222.09,218.39,221.32,37455600,0
2024-09-13,222.12,222.58,220.46,221.05,36766600,0
2024-09-16,215.13,215.8,212.52,214.91,59357400,0
2024-09-17,214.34,215.48,213.1,215.38,45519300,0
2024-09-18,216.13,221.26,216.12,219.25,59894900,0
2024-09-19,223.52,228.32,223.16,227.38,66781300,0
2024-09-20,228.47,231.57,226.13,226.71,318679900,0
2024-09-23,225.86,227.95,224.34,224.99,54146000,0
2024-09-24,227.16,227.85,224.26,225.89,43556100,0
2024-09-25,223.46,225.81,222.56,224.89,42308700,0
2024-09-26,225.82,227.01,223.94,226.04,36636700,0
2024-09-27,226.97,228.02,225.82,226.3,34026000,0
2024-09-30,228.54,231.48,228.15,231.48,54541900,0
2024-10-01,228.02,228.15,222.28,224.73,63285000,0
2024-10-02,224.42,225.89,221.56,225.3,32880600,0
2024-10-03,223.67,225.33,221.86,224.2,34044200,0
2024-10-04,226.41,226.51,222.67,225.32,37245100,0
2024-10-07,223.03,224.22,219.89,220.24,39505400,0
2024-10-08,222.84,224.51,221.79,224.3,31855700,0
2024-10-09,223.76,228.25,223.36,228.04,33591100,0
2024-10-10,226.29,228.0,225.69,227.55,28183500,0
2024-10-11,227.8,227.91,225.86,226.07,31759200,0
2024-10-14,227.21,230.22,227.11,229.79,39882100,0
2024-10-15,232.09,235.94,230.85,232.32,64751400,0
2024-10-16,230.09,230.61,228.34,230.27,34082200,0
2024-10-17,231.91,232.32,229.02,230.63,32993800,0
2024-10-18,234.64,234.64,232.48,233.47,46431500,0
2024-10-21,232.92,235.3,232.92,234.94,36254500,0
2024-10-22,232.36,234.68,231.08,234.32,38846600,0
2024-10-23,232.55,233.61,226.27,229.25,52287000,0
2024-10-24,228.48,229.31,226.92,229.07,31109500,0
2024-10-25,228.24,231.7,228.07,229.9,38802300,0
2024-10-28,231.8,233.2,231.03,231.88,36087100,0
2024-10-29,231.58,232.8,230.8,232.15,35417200,0
2024-10-30,231.09,231.95,228.05,228.6,47070900,0
2024-10-31,227.84,228.33,223.9,224.44,64370100,0
2024-11-01,219.53,223.88,218.83,221.46,65276700,0
2024-11-04,219.55,221.34,218.28,220.56,44944500,0
2024-11-05,220.35,222.49,219.7,221.99,28111300,0
2024-11-06,221.16,224.59,219.75,221.27,54561100,0
2024-11-07,223.16,226.39,223.1,226.0,42137700,0
2024-11-08,225.94,227.42,225.18,225.73,38328800,0
2024-11-11,223.78,224.47,220.3,223.01,42005600,0
2024-11-12,223.33,224.36,222.15,223.01,40398300,0
2024-11-13,222.79,225.42,221.55,223.9,48566200,0
2024-11-14,223.8,227.63,223.78,226.98,44923900,0
2024-11-15,225.17,225.69,223.05,223.78,47923700,0
2024-11-18,224.03,228.49,223.95,226.78,44633700,0
2024-11-19,225.75,228.91,225.43,227.04,36211800,0
2024-11-20,226.82,228.68,224.66,227.76,35169600,0
2024-11-21,227.64,228.91,224.48,227.28,42108300,0
2024-11-22,226.82,229.47,226.82,228.62,38168300,0
2024-11-25,230.2,231.98,228.49,231.6,90152800,0
2024-11-26,232.06,234.29,232.06,233.78,45986200,0
2024-11-27,233.2,234.41,232.54,233.65,33498400,0
2024-11-29,233.53,236.52,232.7,236.04,28481400,0
2024-12-02,235.98,239.48,235.87,238.29,48137100,0
2024-12-03,238.51,241.44,237.6,241.33,38861000,0
2024-12-04,241.55,242.78,239.94,241.69,44383900,0
2024-12-05,242.66,243.21,240.81,241.72,40033900,0
2024-12-06,241.59,243.3,240.76,241.52,36870600,0
2024-12-09,240.52,245.9,240.44,245.41,44649200,0
2024-12-10,245.55,246.86,244.01,246.42,36914800,0
2024-12-11,246.61,249.44,244.92,245.15,45205800,0
2024-12-12,245.55,247.39,244.35,246.61,32777500,0
2024-12-13,246.47,247.94,244.9,246.78,33155300,0
2024-12-16,246.64,250.01,246.3,249.68,51694800,0
2024-12-17,248.72,252.45,248.42,252.1,51356400,0
2024-12-18,250.79,252.9,246.39,246.7,56774100,0
2024-12-19,246.16,250.63,245.75,248.43,60882300,0
2024-12-20,246.69,253.61,244.36,253.11,147495300,0
2024-12-23,253.39,254.26,252.07,253.88,40858800,0
2024-12-24,254.1,256.81,253.9,256.8,23234700,0
2024-12-26,256.79,258.69,256.23,257.61,27237100,0
2024-12-27,256.43,257.29,251.69,254.2,42355300,0
2024-12-30,250.86,252.12,249.39,250.83,35557500,0
